Year,StockKeyLabel,FisheriesGuild,F,SSB,fishingPressureDescription,stockSizeDescription,landings,catches,discards,AssessmentYear,Flim,Fpa,Bpa,Blim,FMSY,MSYBtrigger
1970,bll.27.22-32,benthic,NA,NA,NA,Density Index,4,NA,NA,2017,NA,NA,NA,NA,NA,NA
1971,bll.27.22-32,benthic,NA,NA,NA,Density Index,3,NA,NA,2017,NA,NA,NA,NA,NA,NA
1972,bll.27.22-32,benthic,NA,NA,NA,Density Index,7,NA,NA,2017,NA,NA,NA,NA,NA,NA
1973,bll.27.22-32,benthic,NA,NA,NA,Density Index,13,NA,NA,2017,NA,NA,NA,NA,NA,NA
1974,bll.27.22-32,benthic,NA,NA,NA,Density Index,26,NA,NA,2017,NA,NA,NA,NA,NA,NA
1975,bll.27.22-32,benthic,NA,NA,NA,Density Index,40,NA,NA,2017,NA,NA,NA,NA,NA,NA
1976,bll.27.22-32,benthic,NA,NA,NA,Density Index,48,NA,NA,2017,NA,NA,NA,NA,NA,NA
1977,bll.27.22-32,benthic,NA,NA,NA,Density Index,67,NA,NA,2017,NA,NA,NA,NA,NA,NA
1978,bll.27.22-32,benthic,NA,NA,NA,Density Index,40,NA,NA,2017,NA,NA,NA,NA,NA,NA
1979,bll.27.22-32,benthic,NA,NA,NA,Density Index,30,NA,NA,2017,NA,NA,NA,NA,NA,NA
1980,bll.27.22-32,benthic,NA,NA,NA,Density Index,26,NA,NA,2017,NA,NA,NA,NA,NA,NA
1981,bll.27.22-32,benthic,NA,NA,NA,Density Index,23,NA,NA,2017,NA,NA,NA,NA,NA,NA
1982,bll.27.22-32,benthic,NA,NA,NA,Density Index,36,NA,NA,2017,NA,NA,NA,NA,NA,NA
1983,bll.27.22-32,benthic,NA,NA,NA,Density Index,55,NA,NA,2017,NA,NA,NA,NA,NA,NA
1984,bll.27.22-32,benthic,NA,NA,NA,Density Index,15,NA,NA,2017,NA,NA,NA,NA,NA,NA
1985,bll.27.22-32,benthic,NA,NA,NA,Density Index,17,NA,NA,2017,NA,NA,NA,NA,NA,NA
1986,bll.27.22-32,benthic,NA,NA,NA,Density Index,18,NA,NA,2017,NA,NA,NA,NA,NA,NA
1987,bll.27.22-32,benthic,NA,NA,NA,Density Index,15,NA,NA,2017,NA,NA,NA,NA,NA,NA
1988,bll.27.22-32,benthic,NA,NA,NA,Density Index,6,NA,NA,2017,NA,NA,NA,NA,NA,NA
1989,bll.27.22-32,benthic,NA,NA,NA,Density Index,10,NA,NA,2017,NA,NA,NA,NA,NA,NA
1990,bll.27.22-32,benthic,NA,NA,NA,Density Index,1,NA,NA,2017,NA,NA,NA,NA,NA,NA
1991,bll.27.22-32,benthic,NA,NA,NA,Density Index,15,NA,NA,2017,NA,NA,NA,NA,NA,NA
1992,bll.27.22-32,benthic,NA,NA,NA,Density Index,28,NA,NA,2017,NA,NA,NA,NA,NA,NA
1993,bll.27.22-32,benthic,NA,NA,NA,Density Index,35,NA,NA,2017,NA,NA,NA,NA,NA,NA
1994,bll.27.22-32,benthic,NA,NA,NA,Density Index,63,NA,NA,2017,NA,NA,NA,NA,NA,NA
1995,bll.27.22-32,benthic,NA,NA,NA,Density Index,160,NA,NA,2017,NA,NA,NA,NA,NA,NA
1996,bll.27.22-32,benthic,NA,NA,NA,Density Index,62,NA,NA,2017,NA,NA,NA,NA,NA,NA
1997,bll.27.22-32,benthic,NA,NA,NA,Density Index,26,NA,NA,2017,NA,NA,NA,NA,NA,NA
1998,bll.27.22-32,benthic,NA,NA,NA,Density Index,22,NA,NA,2017,NA,NA,NA,NA,NA,NA
1999,bll.27.22-32,benthic,NA,NA,NA,Density Index,25,NA,NA,2017,NA,NA,NA,NA,NA,NA
2000,bll.27.22-32,benthic,NA,NA,NA,Density Index,28,NA,NA,2017,NA,NA,NA,NA,NA,NA
2001,bll.27.22-32,benthic,NA,0.55,NA,Density Index,19,NA,NA,2017,NA,NA,NA,NA,NA,NA
2002,bll.27.22-32,benthic,NA,0.3,NA,Density Index,27,NA,NA,2017,NA,NA,NA,NA,NA,NA
2003,bll.27.22-32,benthic,NA,0.36,NA,Density Index,36,NA,NA,2017,NA,NA,NA,NA,NA,NA
2004,bll.27.22-32,benthic,NA,1.11,NA,Density Index,41,NA,NA,2017,NA,NA,NA,NA,NA,NA
2005,bll.27.22-32,benthic,NA,0.79,NA,Density Index,62,NA,NA,2017,NA,NA,NA,NA,NA,NA
2006,bll.27.22-32,benthic,NA,1.97,NA,Density Index,56,NA,NA,2017,NA,NA,NA,NA,NA,NA
2007,bll.27.22-32,benthic,NA,1.13,NA,Density Index,56,NA,NA,2017,NA,NA,NA,NA,NA,NA
2008,bll.27.22-32,benthic,NA,1.36,NA,Density Index,105,NA,NA,2017,NA,NA,NA,NA,NA,NA
2009,bll.27.22-32,benthic,NA,0.86,NA,Density Index,92,NA,NA,2017,NA,NA,NA,NA,NA,NA
2010,bll.27.22-32,benthic,NA,2.27,NA,Density Index,82,NA,NA,2017,NA,NA,NA,NA,NA,NA
2011,bll.27.22-32,benthic,NA,2.79,NA,Density Index,57,NA,NA,2017,NA,NA,NA,NA,NA,NA
2012,bll.27.22-32,benthic,NA,0.98,NA,Density Index,31,NA,0,2017,NA,NA,NA,NA,NA,NA
2013,bll.27.22-32,benthic,NA,1.36,NA,Density Index,31,NA,1,2017,NA,NA,NA,NA,NA,NA
2014,bll.27.22-32,benthic,NA,1.3,NA,Density Index,28,NA,4,2017,NA,NA,NA,NA,NA,NA
2015,bll.27.22-32,benthic,NA,0.85,NA,Density Index,40,NA,0,2017,NA,NA,NA,NA,NA,NA
2016,bll.27.22-32,benthic,NA,1,NA,Density Index,39,NA,0,2017,NA,NA,NA,NA,NA,NA
1985,cod.27.22-24,demersal,1.334,30167,F,SSB,33188,35262,NA,2019,1.45,0.99,21876,14500,0.26,21876
1986,cod.27.22-24,demersal,1.249,18852,F,SSB,20088,22166,NA,2019,1.45,0.99,21876,14500,0.26,21876
1987,cod.27.22-24,demersal,1.144,17492,F,SSB,21692,23773,NA,2019,1.45,0.99,21876,14500,0.26,21876
1988,cod.27.22-24,demersal,1.121,21628,F,SSB,20672,22755,NA,2019,1.45,0.99,21876,14500,0.26,21876
1989,cod.27.22-24,demersal,1.012,15794,F,SSB,12795,14878,NA,2019,1.45,0.99,21876,14500,0.26,21876
1990,cod.27.22-24,demersal,1.149,12279,F,SSB,12237,14321,NA,2019,1.45,0.99,21876,14500,0.26,21876
1991,cod.27.22-24,demersal,1.3,9710,F,SSB,12931,15019,NA,2019,1.45,0.99,21876,14500,0.26,21876
1992,cod.27.22-24,demersal,1.344,9547,F,SSB,15672,18091,NA,2019,1.45,0.99,21876,14500,0.26,21876
1993,cod.27.22-24,demersal,1.18,13817,F,SSB,11815,14567,NA,2019,1.45,0.99,21876,14500,0.26,21876
1994,cod.27.22-24,demersal,1.073,24937,F,SSB,16642,21344,1614,2019,1.45,0.99,21876,14500,0.26,21876
1995,cod.27.22-24,demersal,1.282,29086,F,SSB,28310,34743,3016,2019,1.45,0.99,21876,14500,0.26,21876
1996,cod.27.22-24,demersal,1.139,35958,F,SSB,38505,48791,6868,2019,1.45,0.99,21876,14500,0.26,21876
1997,cod.27.22-24,demersal,1.147,40762,F,SSB,37077,44477,3981,2019,1.45,0.99,21876,14500,0.26,21876
1998,cod.27.22-24,demersal,1.124,27947,F,SSB,29634,38620,5575,2019,1.45,0.99,21876,14500,0.26,21876
1999,cod.27.22-24,demersal,1.331,33310,F,SSB,35934,43729,4378,2019,1.45,0.99,21876,14500,0.26,21876
2000,cod.27.22-24,demersal,1.282,33990,F,SSB,31132,38302,3738,2019,1.45,0.99,21876,14500,0.26,21876
2001,cod.27.22-24,demersal,1.381,28683,F,SSB,27781,33657,2449,2019,1.45,0.99,21876,14500,0.26,21876
2002,cod.27.22-24,demersal,1.334,25137,F,SSB,20410,25242,1395,2019,1.45,0.99,21876,14500,0.26,21876
2003,cod.27.22-24,demersal,1.164,20519,F,SSB,17205,24126,3473,2019,1.45,0.99,21876,14500,0.26,21876
2004,cod.27.22-24,demersal,1.145,23390,F,SSB,17686,23320,2189,2019,1.45,0.99,21876,14500,0.26,21876
2005,cod.27.22-24,demersal,1.082,26537,F,SSB,18493,25529,3265,2019,1.45,0.99,21876,14500,0.26,21876
2006,cod.27.22-24,demersal,0.833,27471,F,SSB,18503,23113,1686,2019,1.45,0.99,21876,14500,0.26,21876
2007,cod.27.22-24,demersal,0.892,28691,F,SSB,17384,21491,1325,2019,1.45,0.99,21876,14500,0.26,21876
2008,cod.27.22-24,demersal,0.97,21230,F,SSB,11302,14677,336,2019,1.45,0.99,21876,14500,0.26,21876
2009,cod.27.22-24,demersal,1.047,15546,F,SSB,7313,10313,351,2019,1.45,0.99,21876,14500,0.26,21876
2010,cod.27.22-24,demersal,1.088,14459,F,SSB,8007,12212,838,2019,1.45,0.99,21876,14500,0.26,21876
2011,cod.27.22-24,demersal,0.971,13529,F,SSB,9107,12001,299,2019,1.45,0.99,21876,14500,0.26,21876
2012,cod.27.22-24,demersal,0.872,16711,F,SSB,8622,12653,370,2019,1.45,0.99,21876,14500,0.26,21876
2013,cod.27.22-24,demersal,1.128,14076,F,SSB,7697,11811,1007,2019,1.45,0.99,21876,14500,0.26,21876
2014,cod.27.22-24,demersal,0.939,15775,F,SSB,8083,12963,837,2019,1.45,0.99,21876,14500,0.26,21876
2015,cod.27.22-24,demersal,0.882,17368,F,SSB,8390,13390,432,2019,1.45,0.99,21876,14500,0.26,21876
2016,cod.27.22-24,demersal,0.8,13679,F,SSB,6122,9770,143,2019,1.45,0.99,21876,14500,0.26,21876
2017,cod.27.22-24,demersal,0.561,11374,F,SSB,3852,5356,180,2019,1.45,0.99,21876,14500,0.26,21876
2018,cod.27.22-24,demersal,0.374,14509,F,SSB,3546,5312,157,2019,1.45,0.99,21876,14500,0.26,21876
2019,cod.27.22-24,demersal,NA,21297,F,SSB,NA,NA,NA,2019,1.45,0.99,21876,14500,0.26,21876
1946,cod.27.24-32,demersal,0.41,61032,F,SSB,40985,NA,NA,2019,NA,NA,108035,96550,NA,NA
1947,cod.27.24-32,demersal,0.52,80827,F,SSB,71831,NA,NA,2019,NA,NA,108035,96550,NA,NA
1948,cod.27.24-32,demersal,0.59,104117,F,SSB,107104,NA,NA,2019,NA,NA,108035,96550,NA,NA
1949,cod.27.24-32,demersal,0.57,112508,F,SSB,112735,NA,NA,2019,NA,NA,108035,96550,NA,NA
1950,cod.27.24-32,demersal,0.6,118593,F,SSB,124509,NA,NA,2019,NA,NA,108035,96550,NA,NA
1951,cod.27.24-32,demersal,0.6,130709,F,SSB,137815,NA,NA,2019,NA,NA,108035,96550,NA,NA
1952,cod.27.24-32,demersal,0.67,134205,F,SSB,161103,NA,NA,2019,NA,NA,108035,96550,NA,NA
1953,cod.27.24-32,demersal,0.49,140002,F,SSB,118132,NA,NA,2019,NA,NA,108035,96550,NA,NA
1954,cod.27.24-32,demersal,0.53,134379,F,SSB,123947,NA,NA,2019,NA,NA,108035,96550,NA,NA
1955,cod.27.24-32,demersal,0.49,135899,F,SSB,114415,NA,NA,2019,NA,NA,108035,96550,NA,NA
1956,cod.27.24-32,demersal,0.61,140676,F,SSB,151985,NA,NA,2019,NA,NA,108035,96550,NA,NA
1957,cod.27.24-32,demersal,0.75,132041,F,SSB,181366,NA,NA,2019,NA,NA,108035,96550,NA,NA
1958,cod.27.24-32,demersal,0.65,116992,F,SSB,136301,NA,NA,2019,NA,NA,108035,96550,NA,NA
1959,cod.27.24-32,demersal,0.7,98892,F,SSB,126033,NA,NA,2019,NA,NA,108035,96550,NA,NA
1960,cod.27.24-32,demersal,0.92,83536,F,SSB,145408,NA,NA,2019,NA,NA,108035,96550,NA,NA
1961,cod.27.24-32,demersal,0.74,82647,F,SSB,112034,NA,NA,2019,NA,NA,108035,96550,NA,NA
1962,cod.27.24-32,demersal,0.75,84913,F,SSB,115553,NA,NA,2019,NA,NA,108035,96550,NA,NA
1963,cod.27.24-32,demersal,0.8,82716,F,SSB,123047,NA,NA,2019,NA,NA,108035,96550,NA,NA
1964,cod.27.24-32,demersal,0.62,89835,F,SSB,97788,NA,NA,2019,NA,NA,108035,96550,NA,NA
1965,cod.27.24-32,demersal,0.6,104057,F,SSB,109809,NA,NA,2019,NA,NA,108035,96550,NA,NA
1966,cod.27.24-32,demersal,0.91,114848,F,SSB,177318,NA,8735,2019,NA,NA,108035,96550,NA,NA
1967,cod.27.24-32,demersal,0.87,134457,F,SSB,195446,NA,11733,2019,NA,NA,108035,96550,NA,NA
1968,cod.27.24-32,demersal,0.9,140536,F,SSB,216353,NA,9700,2019,NA,NA,108035,96550,NA,NA
1969,cod.27.24-32,demersal,0.89,137015,F,SSB,212160,NA,10654,2019,NA,NA,108035,96550,NA,NA
1970,cod.27.24-32,demersal,0.88,128210,F,SSB,198451,NA,7625,2019,NA,NA,108035,96550,NA,NA
1971,cod.27.24-32,demersal,0.8,119046,F,SSB,164840,NA,5426,2019,NA,NA,108035,96550,NA,NA
1972,cod.27.24-32,demersal,0.73,119948,F,SSB,143833,NA,8490,2019,NA,NA,108035,96550,NA,NA
1973,cod.27.24-32,demersal,0.63,141644,F,SSB,143164,NA,7491,2019,NA,NA,108035,96550,NA,NA
1974,cod.27.24-32,demersal,0.5,193900,F,SSB,147815,NA,7933,2019,NA,NA,108035,96550,NA,NA
1975,cod.27.24-32,demersal,0.51,243042,F,SSB,194649,NA,9576,2019,NA,NA,108035,96550,NA,NA
1976,cod.27.24-32,demersal,0.5,242977,F,SSB,203303,NA,4341,2019,NA,NA,108035,96550,NA,NA
1977,cod.27.24-32,demersal,0.41,249828,F,SSB,164792,NA,2978,2019,NA,NA,108035,96550,NA,NA
1978,cod.27.24-32,demersal,0.34,309156,F,SSB,154009,NA,9875,2019,NA,NA,108035,96550,NA,NA
1979,cod.27.24-32,demersal,0.38,406198,F,SSB,227699,NA,14576,2019,NA,NA,108035,96550,NA,NA
1980,cod.27.24-32,demersal,0.48,455714,F,SSB,347619,NA,8544,2019,NA,NA,108035,96550,NA,NA
1981,cod.27.24-32,demersal,0.48,420481,F,SSB,331642,NA,6185,2019,NA,NA,108035,96550,NA,NA
1982,cod.27.24-32,demersal,0.46,445574,F,SSB,316052,NA,11548,2019,NA,NA,108035,96550,NA,NA
1983,cod.27.24-32,demersal,0.46,442740,F,SSB,332148,NA,10998,2019,NA,NA,108035,96550,NA,NA
1984,cod.27.24-32,demersal,0.61,376271,F,SSB,391952,NA,8521,2019,NA,NA,108035,96550,NA,NA
1985,cod.27.24-32,demersal,0.65,281995,F,SSB,315083,NA,8199,2019,NA,NA,108035,96550,NA,NA
1986,cod.27.24-32,demersal,0.72,194991,F,SSB,252558,NA,3848,2019,NA,NA,108035,96550,NA,NA
1987,cod.27.24-32,demersal,0.78,150537,F,SSB,207081,NA,9340,2019,NA,NA,108035,96550,NA,NA
1988,cod.27.24-32,demersal,0.8,143167,F,SSB,194787,NA,7253,2019,NA,NA,108035,96550,NA,NA
1989,cod.27.24-32,demersal,0.8,119913,F,SSB,179178,NA,3462,2019,NA,NA,108035,96550,NA,NA
1990,cod.27.24-32,demersal,0.93,90482,F,SSB,153546,NA,4187,2019,NA,NA,108035,96550,NA,NA
1991,cod.27.24-32,demersal,1.04,58079,F,SSB,122517,NA,2741,2019,NA,NA,108035,96550,NA,NA
1992,cod.27.24-32,demersal,0.55,61425,F,SSB,54882,NA,1904,2019,NA,NA,108035,96550,NA,NA
1993,cod.27.24-32,demersal,0.35,103948,F,SSB,50711,NA,1558,2019,NA,NA,108035,96550,NA,NA
1994,cod.27.24-32,demersal,0.54,120851,F,SSB,100856,NA,1956,2019,NA,NA,108035,96550,NA,NA
1995,cod.27.24-32,demersal,0.55,131360,F,SSB,107718,NA,1872,2019,NA,NA,108035,96550,NA,NA
1996,cod.27.24-32,demersal,0.85,92747,F,SSB,124189,NA,1443,2019,NA,NA,108035,96550,NA,NA
1997,cod.27.24-32,demersal,0.92,62171,F,SSB,88600,NA,3462,2019,NA,NA,108035,96550,NA,NA
1998,cod.27.24-32,demersal,0.88,55596,F,SSB,67428,NA,2299,2019,NA,NA,108035,96550,NA,NA
1999,cod.27.24-32,demersal,0.94,52238,F,SSB,72995,NA,1838,2019,NA,NA,108035,96550,NA,NA
2000,cod.27.24-32,demersal,1.04,61539,F,SSB,89289,NA,6019,2019,NA,NA,108035,96550,NA,NA
2001,cod.27.24-32,demersal,1.03,73925,F,SSB,91328,NA,2891,2019,NA,NA,108035,96550,NA,NA
2002,cod.27.24-32,demersal,0.73,83271,F,SSB,67740,NA,1462,2019,NA,NA,108035,96550,NA,NA
2003,cod.27.24-32,demersal,0.74,85560,F,SSB,69477,NA,2024,2019,NA,NA,108035,96550,NA,NA
2004,cod.27.24-32,demersal,0.76,74394,F,SSB,68578,NA,1201,2019,NA,NA,108035,96550,NA,NA
2005,cod.27.24-32,demersal,0.6,91596,F,SSB,55032,NA,1670,2019,NA,NA,108035,96550,NA,NA
2006,cod.27.24-32,demersal,0.67,91172,F,SSB,65531,NA,4644,2019,NA,NA,108035,96550,NA,NA
2007,cod.27.24-32,demersal,0.55,88455,F,SSB,50843,NA,4146,2019,NA,NA,108035,96550,NA,NA
2008,cod.27.24-32,demersal,0.42,123707,F,SSB,42234,NA,3746,2019,NA,NA,108035,96550,NA,NA
2009,cod.27.24-32,demersal,0.4,134370,F,SSB,48438,NA,3328,2019,NA,NA,108035,96550,NA,NA
2010,cod.27.24-32,demersal,0.39,135445,F,SSB,50276,NA,3543,2019,NA,NA,108035,96550,NA,NA
2011,cod.27.24-32,demersal,0.44,119244,F,SSB,50368,NA,3850,2019,NA,NA,108035,96550,NA,NA
2012,cod.27.24-32,demersal,0.6,96551,F,SSB,51225,NA,6795,2019,NA,NA,108035,96550,NA,NA
2013,cod.27.24-32,demersal,0.44,92070,F,SSB,31355,NA,5020,2019,NA,NA,108035,96550,NA,NA
2014,cod.27.24-32,demersal,0.43,100548,F,SSB,28909,NA,9627,2019,NA,NA,108035,96550,NA,NA
2015,cod.27.24-32,demersal,0.42,123082,F,SSB,38079,NA,5970,2019,NA,NA,108035,96550,NA,NA
2016,cod.27.24-32,demersal,0.31,115368,F,SSB,29313,NA,3279,2019,NA,NA,108035,96550,NA,NA
2017,cod.27.24-32,demersal,0.27,97284,F,SSB,25496,NA,3238,2019,NA,NA,108035,96550,NA,NA
2018,cod.27.24-32,demersal,0.21,83754,F,SSB,15907,NA,3103,2019,NA,NA,108035,96550,NA,NA
2019,cod.27.24-32,demersal,NA,66412,F,SSB,NA,NA,NA,2019,NA,NA,108035,96550,NA,NA
1970,dab.27.22-32,benthic,NA,NA,NA,Biomass Index,950,NA,NA,2017,NA,NA,NA,NA,NA,NA
1971,dab.27.22-32,benthic,NA,NA,NA,Biomass Index,1011,NA,NA,2017,NA,NA,NA,NA,NA,NA
1972,dab.27.22-32,benthic,NA,NA,NA,Biomass Index,1235,NA,NA,2017,NA,NA,NA,NA,NA,NA
1973,dab.27.22-32,benthic,NA,NA,NA,Biomass Index,1311,NA,NA,2017,NA,NA,NA,NA,NA,NA
1974,dab.27.22-32,benthic,NA,NA,NA,Biomass Index,1399,NA,NA,2017,NA,NA,NA,NA,NA,NA
1975,dab.27.22-32,benthic,NA,NA,NA,Biomass Index,1530,NA,NA,2017,NA,NA,NA,NA,NA,NA
1976,dab.27.22-32,benthic,NA,NA,NA,Biomass Index,1456,NA,NA,2017,NA,NA,NA,NA,NA,NA
1977,dab.27.22-32,benthic,NA,NA,NA,Biomass Index,1048,NA,NA,2017,NA,NA,NA,NA,NA,NA
1978,dab.27.22-32,benthic,NA,NA,NA,Biomass Index,1144,NA,NA,2017,NA,NA,NA,NA,NA,NA
1979,dab.27.22-32,benthic,NA,NA,NA,Biomass Index,1639,NA,NA,2017,NA,NA,NA,NA,NA,NA
1980,dab.27.22-32,benthic,NA,NA,NA,Biomass Index,1758,NA,NA,2017,NA,NA,NA,NA,NA,NA
1981,dab.27.22-32,benthic,NA,NA,NA,Biomass Index,1865,NA,NA,2017,NA,NA,NA,NA,NA,NA
1982,dab.27.22-32,benthic,NA,NA,NA,Biomass Index,2209,NA,NA,2017,NA,NA,NA,NA,NA,NA
1983,dab.27.22-32,benthic,NA,NA,NA,Biomass Index,2334,NA,NA,2017,NA,NA,NA,NA,NA,NA
1984,dab.27.22-32,benthic,NA,NA,NA,Biomass Index,2132,NA,NA,2017,NA,NA,NA,NA,NA,NA
1985,dab.27.22-32,benthic,NA,NA,NA,Biomass Index,1958,NA,NA,2017,NA,NA,NA,NA,NA,NA
1986,dab.27.22-32,benthic,NA,NA,NA,Biomass Index,2001,NA,NA,2017,NA,NA,NA,NA,NA,NA
1987,dab.27.22-32,benthic,NA,NA,NA,Biomass Index,2184,NA,NA,2017,NA,NA,NA,NA,NA,NA
1988,dab.27.22-32,benthic,NA,NA,NA,Biomass Index,2320,NA,NA,2017,NA,NA,NA,NA,NA,NA
1989,dab.27.22-32,benthic,NA,NA,NA,Biomass Index,2039,NA,NA,2017,NA,NA,NA,NA,NA,NA
1990,dab.27.22-32,benthic,NA,NA,NA,Biomass Index,2175,NA,NA,2017,NA,NA,NA,NA,NA,NA
1991,dab.27.22-32,benthic,NA,NA,NA,Biomass Index,2172,NA,NA,2017,NA,NA,NA,NA,NA,NA
1992,dab.27.22-32,benthic,NA,NA,NA,Biomass Index,1908,NA,NA,2017,NA,NA,NA,NA,NA,NA
1993,dab.27.22-32,benthic,NA,NA,NA,Biomass Index,1727,NA,NA,2017,NA,NA,NA,NA,NA,NA
1994,dab.27.22-32,benthic,NA,NA,NA,Biomass Index,3106,NA,NA,2017,NA,NA,NA,NA,NA,NA
1995,dab.27.22-32,benthic,NA,NA,NA,Biomass Index,2943,NA,NA,2017,NA,NA,NA,NA,NA,NA
1996,dab.27.22-32,benthic,NA,NA,NA,Biomass Index,2229,NA,NA,2017,NA,NA,NA,NA,NA,NA
1997,dab.27.22-32,benthic,NA,NA,NA,Biomass Index,1248,NA,NA,2017,NA,NA,NA,NA,NA,NA
1998,dab.27.22-32,benthic,NA,NA,NA,Biomass Index,960,NA,NA,2017,NA,NA,NA,NA,NA,NA
1999,dab.27.22-32,benthic,NA,NA,NA,Biomass Index,1071,NA,NA,2017,NA,NA,NA,NA,NA,NA
2000,dab.27.22-32,benthic,NA,NA,NA,Biomass Index,876,NA,NA,2017,NA,NA,NA,NA,NA,NA
2001,dab.27.22-32,benthic,NA,36,NA,Biomass Index,861,NA,NA,2017,NA,NA,NA,NA,NA,NA
2002,dab.27.22-32,benthic,NA,24,NA,Biomass Index,715,NA,NA,2017,NA,NA,NA,NA,NA,NA
2003,dab.27.22-32,benthic,NA,45,NA,Biomass Index,1233,NA,NA,2017,NA,NA,NA,NA,NA,NA
2004,dab.27.22-32,benthic,NA,50,NA,Biomass Index,1894,NA,NA,2017,NA,NA,NA,NA,NA,NA
2005,dab.27.22-32,benthic,NA,53,NA,Biomass Index,1495,NA,NA,2017,NA,NA,NA,NA,NA,NA
2006,dab.27.22-32,benthic,NA,64,NA,Biomass Index,1228,NA,NA,2017,NA,NA,NA,NA,NA,NA
2007,dab.27.22-32,benthic,NA,61,NA,Biomass Index,1504,NA,NA,2017,NA,NA,NA,NA,NA,NA
2008,dab.27.22-32,benthic,NA,50,NA,Biomass Index,1648,NA,NA,2017,NA,NA,NA,NA,NA,NA
2009,dab.27.22-32,benthic,NA,63,NA,Biomass Index,1268,NA,NA,2017,NA,NA,NA,NA,NA,NA
2010,dab.27.22-32,benthic,NA,103,NA,Biomass Index,1041,NA,NA,2017,NA,NA,NA,NA,NA,NA
2011,dab.27.22-32,benthic,NA,123,NA,Biomass Index,1268,NA,NA,2017,NA,NA,NA,NA,NA,NA
2012,dab.27.22-32,benthic,NA,100,NA,Biomass Index,1285,2476,1191,2017,NA,NA,NA,NA,NA,NA
2013,dab.27.22-32,benthic,NA,99,NA,Biomass Index,1384,2842,1458,2017,NA,NA,NA,NA,NA,NA
2014,dab.27.22-32,benthic,NA,124,NA,Biomass Index,1269,2026,757,2017,NA,NA,NA,NA,NA,NA
2015,dab.27.22-32,benthic,NA,94,NA,Biomass Index,1268,2323,1055,2017,NA,NA,NA,NA,NA,NA
2016,dab.27.22-32,benthic,NA,101,NA,Biomass Index,1356,2363,1007,2017,NA,NA,NA,NA,NA,NA
2017,dab.27.22-32,benthic,NA,NA,NA,Biomass Index,NA,NA,NA,2017,NA,NA,NA,NA,NA,NA
1973,fle.27.2223,benthic,NA,NA,F,B_index,2513,NA,NA,2019,NA,NA,NA,NA,NA,NA
1974,fle.27.2223,benthic,NA,NA,F,B_index,2566,NA,NA,2019,NA,NA,NA,NA,NA,NA
1975,fle.27.2223,benthic,NA,NA,F,B_index,2624,NA,NA,2019,NA,NA,NA,NA,NA,NA
1976,fle.27.2223,benthic,NA,NA,F,B_index,2604,NA,NA,2019,NA,NA,NA,NA,NA,NA
1977,fle.27.2223,benthic,NA,NA,F,B_index,2922,NA,NA,2019,NA,NA,NA,NA,NA,NA
1978,fle.27.2223,benthic,NA,NA,F,B_index,3790,NA,NA,2019,NA,NA,NA,NA,NA,NA
1979,fle.27.2223,benthic,NA,NA,F,B_index,2899,NA,NA,2019,NA,NA,NA,NA,NA,NA
1980,fle.27.2223,benthic,NA,NA,F,B_index,2535,NA,NA,2019,NA,NA,NA,NA,NA,NA
1981,fle.27.2223,benthic,NA,NA,F,B_index,2586,NA,NA,2019,NA,NA,NA,NA,NA,NA
1982,fle.27.2223,benthic,NA,NA,F,B_index,2178,NA,NA,2019,NA,NA,NA,NA,NA,NA
1983,fle.27.2223,benthic,NA,NA,F,B_index,2527,NA,NA,2019,NA,NA,NA,NA,NA,NA
1984,fle.27.2223,benthic,NA,NA,F,B_index,2538,NA,NA,2019,NA,NA,NA,NA,NA,NA
1985,fle.27.2223,benthic,NA,NA,F,B_index,2126,NA,NA,2019,NA,NA,NA,NA,NA,NA
1986,fle.27.2223,benthic,NA,NA,F,B_index,1842,NA,NA,2019,NA,NA,NA,NA,NA,NA
1987,fle.27.2223,benthic,NA,NA,F,B_index,1515,NA,NA,2019,NA,NA,NA,NA,NA,NA
1988,fle.27.2223,benthic,NA,NA,F,B_index,1512,NA,NA,2019,NA,NA,NA,NA,NA,NA
1989,fle.27.2223,benthic,NA,NA,F,B_index,1652,NA,NA,2019,NA,NA,NA,NA,NA,NA
1990,fle.27.2223,benthic,NA,NA,F,B_index,1176,NA,NA,2019,NA,NA,NA,NA,NA,NA
1991,fle.27.2223,benthic,NA,NA,F,B_index,1171,NA,NA,2019,NA,NA,NA,NA,NA,NA
1992,fle.27.2223,benthic,NA,NA,F,B_index,1125,NA,NA,2019,NA,NA,NA,NA,NA,NA
1993,fle.27.2223,benthic,NA,NA,F,B_index,1104,NA,NA,2019,NA,NA,NA,NA,NA,NA
1994,fle.27.2223,benthic,NA,NA,F,B_index,1191,NA,NA,2019,NA,NA,NA,NA,NA,NA
1995,fle.27.2223,benthic,NA,NA,F,B_index,1434,NA,NA,2019,NA,NA,NA,NA,NA,NA
1996,fle.27.2223,benthic,NA,NA,F,B_index,1517,NA,NA,2019,NA,NA,NA,NA,NA,NA
1997,fle.27.2223,benthic,NA,NA,F,B_index,2053,NA,NA,2019,NA,NA,NA,NA,NA,NA
1998,fle.27.2223,benthic,NA,NA,F,B_index,1844,NA,NA,2019,NA,NA,NA,NA,NA,NA
1999,fle.27.2223,benthic,NA,NA,F,B_index,2020,NA,NA,2019,NA,NA,NA,NA,NA,NA
2000,fle.27.2223,benthic,NA,NA,F,B_index,2597,NA,NA,2019,NA,NA,NA,NA,NA,NA
2001,fle.27.2223,benthic,NA,18.27,F,B_index,2540,NA,NA,2019,NA,NA,NA,NA,NA,NA
2002,fle.27.2223,benthic,NA,24.4,F,B_index,1849,NA,NA,2019,NA,NA,NA,NA,NA,NA
2003,fle.27.2223,benthic,NA,15.84,F,B_index,1337,NA,NA,2019,NA,NA,NA,NA,NA,NA
2004,fle.27.2223,benthic,NA,16.6,F,B_index,1298,NA,NA,2019,NA,NA,NA,NA,NA,NA
2005,fle.27.2223,benthic,NA,12.87,F,B_index,1041,NA,NA,2019,NA,NA,NA,NA,NA,NA
2006,fle.27.2223,benthic,NA,33.35,F,B_index,866,NA,NA,2019,NA,NA,NA,NA,NA,NA
2007,fle.27.2223,benthic,NA,29.53,F,B_index,1250,NA,NA,2019,NA,NA,NA,NA,NA,NA
2008,fle.27.2223,benthic,NA,26.43,F,B_index,1427,NA,NA,2019,NA,NA,NA,NA,NA,NA
2009,fle.27.2223,benthic,NA,27.96,F,B_index,1176,NA,NA,2019,NA,NA,NA,NA,NA,NA
2010,fle.27.2223,benthic,NA,54.61,F,B_index,1053,NA,NA,2019,NA,NA,NA,NA,NA,NA
2011,fle.27.2223,benthic,NA,41.8,F,B_index,1044,NA,NA,2019,NA,NA,NA,NA,NA,NA
2012,fle.27.2223,benthic,NA,54.04,F,B_index,1219,NA,NA,2019,NA,NA,NA,NA,NA,NA
2013,fle.27.2223,benthic,NA,62.55,F,B_index,1454,NA,NA,2019,NA,NA,NA,NA,NA,NA
2014,fle.27.2223,benthic,NA,85.93,F,B_index,1193,1733,540,2019,NA,NA,NA,NA,NA,NA
2015,fle.27.2223,benthic,NA,87.17,F,B_index,1130,1443,314,2019,NA,NA,NA,NA,NA,NA
2016,fle.27.2223,benthic,NA,66.85,F,B_index,1153,1648,495,2019,NA,NA,NA,NA,NA,NA
2017,fle.27.2223,benthic,NA,41.36,F,B_index,1158,1407,249,2019,NA,NA,NA,NA,NA,NA
2018,fle.27.2223,benthic,NA,38.95,F,B_index,809,982,173,2019,NA,NA,NA,NA,NA,NA
1973,fle.27.2425,benthic,NA,NA,F,B_index,5612,NA,NA,2019,NA,NA,NA,NA,NA,NA
1974,fle.27.2425,benthic,NA,NA,F,B_index,6822,NA,NA,2019,NA,NA,NA,NA,NA,NA
1975,fle.27.2425,benthic,NA,NA,F,B_index,5825,NA,NA,2019,NA,NA,NA,NA,NA,NA
1976,fle.27.2425,benthic,NA,NA,F,B_index,4890,NA,NA,2019,NA,NA,NA,NA,NA,NA
1977,fle.27.2425,benthic,NA,NA,F,B_index,6684,NA,NA,2019,NA,NA,NA,NA,NA,NA
1978,fle.27.2425,benthic,NA,NA,F,B_index,4330,NA,NA,2019,NA,NA,NA,NA,NA,NA
1979,fle.27.2425,benthic,NA,NA,F,B_index,4462,NA,NA,2019,NA,NA,NA,NA,NA,NA
1980,fle.27.2425,benthic,NA,NA,F,B_index,4737,NA,NA,2019,NA,NA,NA,NA,NA,NA
1981,fle.27.2425,benthic,NA,NA,F,B_index,4346,NA,NA,2019,NA,NA,NA,NA,NA,NA
1982,fle.27.2425,benthic,NA,NA,F,B_index,5999,NA,NA,2019,NA,NA,NA,NA,NA,NA
1983,fle.27.2425,benthic,NA,NA,F,B_index,6031,NA,NA,2019,NA,NA,NA,NA,NA,NA
1984,fle.27.2425,benthic,NA,NA,F,B_index,5542,NA,NA,2019,NA,NA,NA,NA,NA,NA
1985,fle.27.2425,benthic,NA,NA,F,B_index,6009,NA,NA,2019,NA,NA,NA,NA,NA,NA
1986,fle.27.2425,benthic,NA,NA,F,B_index,7487,NA,NA,2019,NA,NA,NA,NA,NA,NA
1987,fle.27.2425,benthic,NA,NA,F,B_index,5687,NA,NA,2019,NA,NA,NA,NA,NA,NA
1988,fle.27.2425,benthic,NA,NA,F,B_index,5762,NA,NA,2019,NA,NA,NA,NA,NA,NA
1989,fle.27.2425,benthic,NA,NA,F,B_index,6632,NA,NA,2019,NA,NA,NA,NA,NA,NA
1990,fle.27.2425,benthic,NA,NA,F,B_index,4758,NA,NA,2019,NA,NA,NA,NA,NA,NA
1991,fle.27.2425,benthic,NA,NA,F,B_index,5374,NA,NA,2019,NA,NA,NA,NA,NA,NA
1992,fle.27.2425,benthic,NA,NA,F,B_index,4953,NA,NA,2019,NA,NA,NA,NA,NA,NA
1993,fle.27.2425,benthic,NA,NA,F,B_index,5231,NA,NA,2019,NA,NA,NA,NA,NA,NA
1994,fle.27.2425,benthic,NA,NA,F,B_index,8493,NA,NA,2019,NA,NA,NA,NA,NA,NA
1995,fle.27.2425,benthic,NA,NA,F,B_index,12602,NA,NA,2019,NA,NA,NA,NA,NA,NA
1996,fle.27.2425,benthic,NA,NA,F,B_index,10517,NA,NA,2019,NA,NA,NA,NA,NA,NA
1997,fle.27.2425,benthic,NA,NA,F,B_index,8697,NA,NA,2019,NA,NA,NA,NA,NA,NA
1998,fle.27.2425,benthic,NA,NA,F,B_index,8587,NA,NA,2019,NA,NA,NA,NA,NA,NA
1999,fle.27.2425,benthic,NA,NA,F,B_index,7165,NA,NA,2019,NA,NA,NA,NA,NA,NA
2000,fle.27.2425,benthic,NA,NA,F,B_index,8288,NA,NA,2019,NA,NA,NA,NA,NA,NA
2001,fle.27.2425,benthic,NA,30.877,F,B_index,10464,NA,NA,2019,NA,NA,NA,NA,NA,NA
2002,fle.27.2425,benthic,NA,58.426,F,B_index,12982,NA,NA,2019,NA,NA,NA,NA,NA,NA
2003,fle.27.2425,benthic,NA,31.938,F,B_index,9360,NA,NA,2019,NA,NA,NA,NA,NA,NA
2004,fle.27.2425,benthic,NA,41.305,F,B_index,11370,NA,NA,2019,NA,NA,NA,NA,NA,NA
2005,fle.27.2425,benthic,NA,43.872,F,B_index,12696,NA,NA,2019,NA,NA,NA,NA,NA,NA
2006,fle.27.2425,benthic,NA,60.195,F,B_index,10852,NA,NA,2019,NA,NA,NA,NA,NA,NA
2007,fle.27.2425,benthic,NA,45.017,F,B_index,11891,NA,NA,2019,NA,NA,NA,NA,NA,NA
2008,fle.27.2425,benthic,NA,86.719,F,B_index,10411,NA,NA,2019,NA,NA,NA,NA,NA,NA
2009,fle.27.2425,benthic,NA,87.139,F,B_index,10227,NA,NA,2019,NA,NA,NA,NA,NA,NA
2010,fle.27.2425,benthic,NA,107.701,F,B_index,11348,NA,NA,2019,NA,NA,NA,NA,NA,NA
2011,fle.27.2425,benthic,NA,73.641,F,B_index,10610,NA,NA,2019,NA,NA,NA,NA,NA,NA
2012,fle.27.2425,benthic,NA,94.311,F,B_index,10430,NA,NA,2019,NA,NA,NA,NA,NA,NA
2013,fle.27.2425,benthic,NA,117.374,F,B_index,14318,NA,NA,2019,NA,NA,NA,NA,NA,NA
2014,fle.27.2425,benthic,NA,138.197,F,B_index,14612,20154,5542,2019,NA,NA,NA,NA,NA,NA
2015,fle.27.2425,benthic,NA,171.308,F,B_index,11090,17055,5965,2019,NA,NA,NA,NA,NA,NA
2016,fle.27.2425,benthic,NA,209.52,F,B_index,14622,19779,5143,2019,NA,NA,NA,NA,NA,NA
2017,fle.27.2425,benthic,NA,196.399,F,B_index,10855,17055,6201,2019,NA,NA,NA,NA,NA,NA
2018,fle.27.2425,benthic,NA,116.241,F,B_index,12788,19107,6318,2019,NA,NA,NA,NA,NA,NA
1991,fle.27.2628,benthic,NA,NA,F,Biomass Index,NA,NA,NA,2017,NA,NA,NA,NA,NA,NA
1992,fle.27.2628,benthic,NA,NA,F,Biomass Index,NA,NA,NA,2017,NA,NA,NA,NA,NA,NA
1993,fle.27.2628,benthic,NA,NA,F,Biomass Index,NA,NA,NA,2017,NA,NA,NA,NA,NA,NA
1994,fle.27.2628,benthic,NA,NA,F,Biomass Index,NA,NA,NA,2017,NA,NA,NA,NA,NA,NA
1995,fle.27.2628,benthic,NA,NA,F,Biomass Index,NA,NA,NA,2017,NA,NA,NA,NA,NA,NA
1996,fle.27.2628,benthic,NA,NA,F,Biomass Index,4043,NA,NA,2017,NA,NA,NA,NA,NA,NA
1997,fle.27.2628,benthic,NA,NA,F,Biomass Index,4175,NA,NA,2017,NA,NA,NA,NA,NA,NA
1998,fle.27.2628,benthic,NA,NA,F,Biomass Index,3940,NA,NA,2017,NA,NA,NA,NA,NA,NA
1999,fle.27.2628,benthic,NA,NA,F,Biomass Index,3590,NA,NA,2017,NA,NA,NA,NA,NA,NA
2000,fle.27.2628,benthic,NA,NA,F,Biomass Index,3049,NA,NA,2017,NA,NA,NA,NA,NA,NA
2001,fle.27.2628,benthic,NA,336,F,Biomass Index,3941,NA,NA,2017,NA,NA,NA,NA,NA,NA
2002,fle.27.2628,benthic,NA,275,F,Biomass Index,3798,NA,NA,2017,NA,NA,NA,NA,NA,NA
2003,fle.27.2628,benthic,NA,151,F,Biomass Index,3929,NA,NA,2017,NA,NA,NA,NA,NA,NA
2004,fle.27.2628,benthic,NA,231,F,Biomass Index,4943,NA,NA,2017,NA,NA,NA,NA,NA,NA
2005,fle.27.2628,benthic,NA,199,F,Biomass Index,6058,NA,NA,2017,NA,NA,NA,NA,NA,NA
2006,fle.27.2628,benthic,NA,125,F,Biomass Index,4524,NA,NA,2017,NA,NA,NA,NA,NA,NA
2007,fle.27.2628,benthic,NA,231,F,Biomass Index,5905,NA,NA,2017,NA,NA,NA,NA,NA,NA
2008,fle.27.2628,benthic,NA,256,F,Biomass Index,4727,NA,NA,2017,NA,NA,NA,NA,NA,NA
2009,fle.27.2628,benthic,NA,153,F,Biomass Index,3398,NA,NA,2017,NA,NA,NA,NA,NA,NA
2010,fle.27.2628,benthic,NA,218,F,Biomass Index,3577,NA,NA,2017,NA,NA,NA,NA,NA,NA
2011,fle.27.2628,benthic,NA,220,F,Biomass Index,3387,NA,NA,2017,NA,NA,NA,NA,NA,NA
2012,fle.27.2628,benthic,NA,169,F,Biomass Index,3959,NA,NA,2017,NA,NA,NA,NA,NA,NA
2013,fle.27.2628,benthic,NA,153,F,Biomass Index,5089,NA,NA,2017,NA,NA,NA,NA,NA,NA
2014,fle.27.2628,benthic,NA,72,F,Biomass Index,4614,NA,NA,2017,NA,NA,NA,NA,NA,NA
2015,fle.27.2628,benthic,NA,84,F,Biomass Index,4443,5388,945,2017,NA,NA,NA,NA,NA,NA
2016,fle.27.2628,benthic,NA,85,F,Biomass Index,4252,4442,191,2017,NA,NA,NA,NA,NA,NA
1980,fle.27.2729-32,benthic,NA,NA,NA,Stock Size,1519,NA,NA,2017,NA,NA,NA,NA,NA,NA
1981,fle.27.2729-32,benthic,NA,NA,NA,Stock Size,1656,NA,NA,2017,NA,NA,NA,NA,NA,NA
1982,fle.27.2729-32,benthic,NA,NA,NA,Stock Size,1854,NA,NA,2017,NA,NA,NA,NA,NA,NA
1983,fle.27.2729-32,benthic,NA,NA,NA,Stock Size,870,NA,NA,2017,NA,NA,NA,NA,NA,NA
1984,fle.27.2729-32,benthic,NA,NA,NA,Stock Size,1610,NA,NA,2017,NA,NA,NA,NA,NA,NA
1985,fle.27.2729-32,benthic,NA,NA,NA,Stock Size,1157,NA,NA,2017,NA,NA,NA,NA,NA,NA
1986,fle.27.2729-32,benthic,NA,NA,NA,Stock Size,952,NA,NA,2017,NA,NA,NA,NA,NA,NA
1987,fle.27.2729-32,benthic,NA,NA,NA,Stock Size,787,NA,NA,2017,NA,NA,NA,NA,NA,NA
1988,fle.27.2729-32,benthic,NA,NA,NA,Stock Size,728,NA,NA,2017,NA,NA,NA,NA,NA,NA
1989,fle.27.2729-32,benthic,NA,NA,NA,Stock Size,566,NA,NA,2017,NA,NA,NA,NA,NA,NA
1990,fle.27.2729-32,benthic,NA,NA,NA,Stock Size,343,NA,NA,2017,NA,NA,NA,NA,NA,NA
1991,fle.27.2729-32,benthic,NA,NA,NA,Stock Size,349,NA,NA,2017,NA,NA,NA,NA,NA,NA
1992,fle.27.2729-32,benthic,NA,NA,NA,Stock Size,245,NA,NA,2017,NA,NA,NA,NA,NA,NA
1993,fle.27.2729-32,benthic,NA,NA,NA,Stock Size,307,NA,NA,2017,NA,NA,NA,NA,NA,NA
1994,fle.27.2729-32,benthic,NA,NA,NA,Stock Size,129,NA,NA,2017,NA,NA,NA,NA,NA,NA
1995,fle.27.2729-32,benthic,NA,NA,NA,Stock Size,258,NA,NA,2017,NA,NA,NA,NA,NA,NA
1996,fle.27.2729-32,benthic,NA,NA,NA,Stock Size,450,NA,NA,2017,NA,NA,NA,NA,NA,NA
1997,fle.27.2729-32,benthic,NA,NA,NA,Stock Size,406,NA,NA,2017,NA,NA,NA,NA,NA,NA
1998,fle.27.2729-32,benthic,NA,NA,NA,Stock Size,397,NA,NA,2017,NA,NA,NA,NA,NA,NA
1999,fle.27.2729-32,benthic,NA,NA,NA,Stock Size,406,NA,NA,2017,NA,NA,NA,NA,NA,NA
2000,fle.27.2729-32,benthic,NA,2.03,NA,Stock Size,422,NA,NA,2017,NA,NA,NA,NA,NA,NA
2001,fle.27.2729-32,benthic,NA,1.38,NA,Stock Size,503,NA,NA,2017,NA,NA,NA,NA,NA,NA
2002,fle.27.2729-32,benthic,NA,0.64,NA,Stock Size,523,NA,NA,2017,NA,NA,NA,NA,NA,NA
2003,fle.27.2729-32,benthic,NA,1.67,NA,Stock Size,374,NA,NA,2017,NA,NA,NA,NA,NA,NA
2004,fle.27.2729-32,benthic,NA,0.86,NA,Stock Size,373,NA,NA,2017,NA,NA,NA,NA,NA,NA
2005,fle.27.2729-32,benthic,NA,1.03,NA,Stock Size,330,NA,NA,2017,NA,NA,NA,NA,NA,NA
2006,fle.27.2729-32,benthic,NA,1.04,NA,Stock Size,344,NA,NA,2017,NA,NA,NA,NA,NA,NA
2007,fle.27.2729-32,benthic,NA,1.29,NA,Stock Size,263,NA,NA,2017,NA,NA,NA,NA,NA,NA
2008,fle.27.2729-32,benthic,NA,1.77,NA,Stock Size,249,NA,NA,2017,NA,NA,NA,NA,NA,NA
2009,fle.27.2729-32,benthic,NA,0.71,NA,Stock Size,262,NA,NA,2017,NA,NA,NA,NA,NA,NA
2010,fle.27.2729-32,benthic,NA,0.49,NA,Stock Size,227,NA,NA,2017,NA,NA,NA,NA,NA,NA
2011,fle.27.2729-32,benthic,NA,0.58,NA,Stock Size,221,NA,NA,2017,NA,NA,NA,NA,NA,NA
2012,fle.27.2729-32,benthic,NA,0.56,NA,Stock Size,190,NA,NA,2017,NA,NA,NA,NA,NA,NA
2013,fle.27.2729-32,benthic,NA,1.21,NA,Stock Size,237,NA,NA,2017,NA,NA,NA,NA,NA,NA
2014,fle.27.2729-32,benthic,NA,1.26,NA,Stock Size,183,NA,NA,2017,NA,NA,NA,NA,NA,NA
2015,fle.27.2729-32,benthic,NA,4.37,NA,Stock Size,176,NA,NA,2017,NA,NA,NA,NA,NA,NA
2016,fle.27.2729-32,benthic,NA,1.18,NA,Stock Size,173,NA,NA,2017,NA,NA,NA,NA,NA,NA
1991,her.27.20-24,pelagic,0.47,296138,F,SSB,191573,191573,NA,2018,0.45,0.35,150000,120000,0.31,150000
1992,her.27.20-24,pelagic,0.514,295976,F,SSB,194408,194408,NA,2018,0.45,0.35,150000,120000,0.31,150000
1993,her.27.20-24,pelagic,0.561,278142,F,SSB,185010,185010,NA,2018,0.45,0.35,150000,120000,0.31,150000
1994,her.27.20-24,pelagic,0.597,223477,F,SSB,172439,172439,NA,2018,0.45,0.35,150000,120000,0.31,150000
1995,her.27.20-24,pelagic,0.616,191060,F,SSB,150820,150820,NA,2018,0.45,0.35,150000,120000,0.31,150000
1996,her.27.20-24,pelagic,0.637,131543,F,SSB,121260,121260,NA,2018,0.45,0.35,150000,120000,0.31,150000
1997,her.27.20-24,pelagic,0.623,148396,F,SSB,115585,115585,NA,2018,0.45,0.35,150000,120000,0.31,150000
1998,her.27.20-24,pelagic,0.606,120188,F,SSB,107033,107033,NA,2018,0.45,0.35,150000,120000,0.31,150000
1999,her.27.20-24,pelagic,0.564,120712,F,SSB,97234,97234,NA,2018,0.45,0.35,150000,120000,0.31,150000
2000,her.27.20-24,pelagic,0.574,122762,F,SSB,109913,109913,NA,2018,0.45,0.35,150000,120000,0.31,150000
2001,her.27.20-24,pelagic,0.567,137980,F,SSB,105806,105806,NA,2018,0.45,0.35,150000,120000,0.31,150000
2002,her.27.20-24,pelagic,0.519,164818,F,SSB,106195,106195,NA,2018,0.45,0.35,150000,120000,0.31,150000
2003,her.27.20-24,pelagic,0.491,130109,F,SSB,78310,78310,NA,2018,0.45,0.35,150000,120000,0.31,150000
2004,her.27.20-24,pelagic,0.493,131940,F,SSB,76813,76813,NA,2018,0.45,0.35,150000,120000,0.31,150000
2005,her.27.20-24,pelagic,0.508,121344,F,SSB,88404,88404,NA,2018,0.45,0.35,150000,120000,0.31,150000
2006,her.27.20-24,pelagic,0.51,132541,F,SSB,90548,90548,NA,2018,0.45,0.35,150000,120000,0.31,150000
2007,her.27.20-24,pelagic,0.531,106220,F,SSB,68179,68179,NA,2018,0.45,0.35,150000,120000,0.31,150000
2008,her.27.20-24,pelagic,0.538,87842,F,SSB,69489,69489,NA,2018,0.45,0.35,150000,120000,0.31,150000
2009,her.27.20-24,pelagic,0.501,82144,F,SSB,67259,67259,NA,2018,0.45,0.35,150000,120000,0.31,150000
2010,her.27.20-24,pelagic,0.416,77925,F,SSB,42214,42214,NA,2018,0.45,0.35,150000,120000,0.31,150000
2011,her.27.20-24,pelagic,0.341,73016,F,SSB,27771,27771,NA,2018,0.45,0.35,150000,120000,0.31,150000
2012,her.27.20-24,pelagic,0.342,76929,F,SSB,38646,38646,NA,2018,0.45,0.35,150000,120000,0.31,150000
2013,her.27.20-24,pelagic,0.336,90903,F,SSB,43827,43827,NA,2018,0.45,0.35,150000,120000,0.31,150000
2014,her.27.20-24,pelagic,0.309,98492,F,SSB,37358,37358,NA,2018,0.45,0.35,150000,120000,0.31,150000
2015,her.27.20-24,pelagic,0.32,101335,F,SSB,37490,37490,NA,2018,0.45,0.35,150000,120000,0.31,150000
2016,her.27.20-24,pelagic,0.334,102294,F,SSB,51299,51299,NA,2018,0.45,0.35,150000,120000,0.31,150000
2017,her.27.20-24,pelagic,0.332,104170,F,SSB,46340,46340,NA,2018,0.45,0.35,150000,120000,0.31,150000
2018,her.27.20-24,pelagic,NA,104169,F,SSB,NA,NA,NA,2018,0.45,0.35,150000,120000,0.31,150000
1974,her.27.25-2932,pelagic,0.185,1682551,F,SSB,368652,368652,NA,2019,0.52,0.41,6e+05,430000,0.22,6e+05
1975,her.27.25-2932,pelagic,0.2,1575411,F,SSB,354851,354851,NA,2019,0.52,0.41,6e+05,430000,0.22,6e+05
1976,her.27.25-2932,pelagic,0.194,1366922,F,SSB,305420,305420,NA,2019,0.52,0.41,6e+05,430000,0.22,6e+05
1977,her.27.25-2932,pelagic,0.189,1518985,F,SSB,301952,301952,NA,2019,0.52,0.41,6e+05,430000,0.22,6e+05
1978,her.27.25-2932,pelagic,0.164,1441323,F,SSB,278966,278966,NA,2019,0.52,0.41,6e+05,430000,0.22,6e+05
1979,her.27.25-2932,pelagic,0.195,1409129,F,SSB,278182,278182,NA,2019,0.52,0.41,6e+05,430000,0.22,6e+05
1980,her.27.25-2932,pelagic,0.187,1357790,F,SSB,270282,270282,NA,2019,0.52,0.41,6e+05,430000,0.22,6e+05
1981,her.27.25-2932,pelagic,0.203,1286823,F,SSB,293615,293615,NA,2019,0.52,0.41,6e+05,430000,0.22,6e+05
1982,her.27.25-2932,pelagic,0.174,1428553,F,SSB,273134,273134,NA,2019,0.52,0.41,6e+05,430000,0.22,6e+05
1983,her.27.25-2932,pelagic,0.224,1406334,F,SSB,307601,307601,NA,2019,0.52,0.41,6e+05,430000,0.22,6e+05
1984,her.27.25-2932,pelagic,0.224,1319221,F,SSB,277926,277926,NA,2019,0.52,0.41,6e+05,430000,0.22,6e+05
1985,her.27.25-2932,pelagic,0.23,1266825,F,SSB,275760,275760,NA,2019,0.52,0.41,6e+05,430000,0.22,6e+05
1986,her.27.25-2932,pelagic,0.202,1202450,F,SSB,240516,240516,NA,2019,0.52,0.41,6e+05,430000,0.22,6e+05
1987,her.27.25-2932,pelagic,0.231,1147445,F,SSB,248653,248653,NA,2019,0.52,0.41,6e+05,430000,0.22,6e+05
1988,her.27.25-2932,pelagic,0.219,1150920,F,SSB,255734,255734,NA,2019,0.52,0.41,6e+05,430000,0.22,6e+05
1989,her.27.25-2932,pelagic,0.291,1013490,F,SSB,275501,275501,NA,2019,0.52,0.41,6e+05,430000,0.22,6e+05
1990,her.27.25-2932,pelagic,0.276,870621,F,SSB,228572,228572,NA,2019,0.52,0.41,6e+05,430000,0.22,6e+05
1991,her.27.25-2932,pelagic,0.285,782481,F,SSB,197676,197676,NA,2019,0.52,0.41,6e+05,430000,0.22,6e+05
1992,her.27.25-2932,pelagic,0.254,801325,F,SSB,189781,189781,NA,2019,0.52,0.41,6e+05,430000,0.22,6e+05
1993,her.27.25-2932,pelagic,0.288,752237,F,SSB,209094,209094,NA,2019,0.52,0.41,6e+05,430000,0.22,6e+05
1994,her.27.25-2932,pelagic,0.348,760267,F,SSB,218260,218260,NA,2019,0.52,0.41,6e+05,430000,0.22,6e+05
1995,her.27.25-2932,pelagic,0.327,649175,F,SSB,188181,188181,NA,2019,0.52,0.41,6e+05,430000,0.22,6e+05
1996,her.27.25-2932,pelagic,0.338,593262,F,SSB,162578,162578,NA,2019,0.52,0.41,6e+05,430000,0.22,6e+05
1997,her.27.25-2932,pelagic,0.373,555004,F,SSB,160002,160002,NA,2019,0.52,0.41,6e+05,430000,0.22,6e+05
1998,her.27.25-2932,pelagic,0.398,505557,F,SSB,185780,185780,NA,2019,0.52,0.41,6e+05,430000,0.22,6e+05
1999,her.27.25-2932,pelagic,0.345,427964,F,SSB,145922,145922,NA,2019,0.52,0.41,6e+05,430000,0.22,6e+05
2000,her.27.25-2932,pelagic,0.438,420361,F,SSB,175646,175646,NA,2019,0.52,0.41,6e+05,430000,0.22,6e+05
2001,her.27.25-2932,pelagic,0.373,397888,F,SSB,148404,148404,NA,2019,0.52,0.41,6e+05,430000,0.22,6e+05
2002,her.27.25-2932,pelagic,0.327,406593,F,SSB,129222,129222,NA,2019,0.52,0.41,6e+05,430000,0.22,6e+05
2003,her.27.25-2932,pelagic,0.255,462156,F,SSB,113584,113584,NA,2019,0.52,0.41,6e+05,430000,0.22,6e+05
2004,her.27.25-2932,pelagic,0.215,465745,F,SSB,93006,93006,NA,2019,0.52,0.41,6e+05,430000,0.22,6e+05
2005,her.27.25-2932,pelagic,0.196,524421,F,SSB,91592,91592,NA,2019,0.52,0.41,6e+05,430000,0.22,6e+05
2006,her.27.25-2932,pelagic,0.213,581137,F,SSB,110372,110372,NA,2019,0.52,0.41,6e+05,430000,0.22,6e+05
2007,her.27.25-2932,pelagic,0.214,611477,F,SSB,116030,116030,NA,2019,0.52,0.41,6e+05,430000,0.22,6e+05
2008,her.27.25-2932,pelagic,0.214,623954,F,SSB,126155,126155,NA,2019,0.52,0.41,6e+05,430000,0.22,6e+05
2009,her.27.25-2932,pelagic,0.19,719152,F,SSB,134127,134127,NA,2019,0.52,0.41,6e+05,430000,0.22,6e+05
2010,her.27.25-2932,pelagic,0.222,772795,F,SSB,136706,136706,NA,2019,0.52,0.41,6e+05,430000,0.22,6e+05
2011,her.27.25-2932,pelagic,0.173,762253,F,SSB,116785,116785,NA,2019,0.52,0.41,6e+05,430000,0.22,6e+05
2012,her.27.25-2932,pelagic,0.126,799912,F,SSB,100893,100893,NA,2019,0.52,0.41,6e+05,430000,0.22,6e+05
2013,her.27.25-2932,pelagic,0.113,829457,F,SSB,100954,100954,NA,2019,0.52,0.41,6e+05,430000,0.22,6e+05
2014,her.27.25-2932,pelagic,0.162,910224,F,SSB,132700,132700,NA,2019,0.52,0.41,6e+05,430000,0.22,6e+05
2015,her.27.25-2932,pelagic,0.224,860498,F,SSB,174433,174433,NA,2019,0.52,0.41,6e+05,430000,0.22,6e+05
2016,her.27.25-2932,pelagic,0.266,825405,F,SSB,192056,192056,NA,2019,0.52,0.41,6e+05,430000,0.22,6e+05
2017,her.27.25-2932,pelagic,0.246,902291,F,SSB,202517,202517,NA,2019,0.52,0.41,6e+05,430000,0.22,6e+05
2018,her.27.25-2932,pelagic,0.286,938281,F,SSB,244365,244365,NA,2019,0.52,0.41,6e+05,430000,0.22,6e+05
2019,her.27.25-2932,pelagic,NA,844663,F,SSB,NA,NA,NA,2019,0.52,0.41,6e+05,430000,0.22,6e+05
1977,her.27.28,pelagic,0.69,54522,F,SSB,24186,NA,NA,2019,0.88,0.63,57100,40800,0.32,60000
1978,her.27.28,pelagic,0.375,49356,F,SSB,16728,NA,NA,2019,0.88,0.63,57100,40800,0.32,60000
1979,her.27.28,pelagic,0.431,46738,F,SSB,17142,NA,NA,2019,0.88,0.63,57100,40800,0.32,60000
1980,her.27.28,pelagic,0.35,46712,F,SSB,14998,NA,NA,2019,0.88,0.63,57100,40800,0.32,60000
1981,her.27.28,pelagic,0.453,47221,F,SSB,16769,NA,NA,2019,0.88,0.63,57100,40800,0.32,60000
1982,her.27.28,pelagic,0.42,42757,F,SSB,12777,NA,NA,2019,0.88,0.63,57100,40800,0.32,60000
1983,her.27.28,pelagic,0.468,50857,F,SSB,15541,NA,NA,2019,0.88,0.63,57100,40800,0.32,60000
1984,her.27.28,pelagic,0.707,39913,F,SSB,15843,NA,NA,2019,0.88,0.63,57100,40800,0.32,60000
1985,her.27.28,pelagic,0.538,51934,F,SSB,15575,NA,NA,2019,0.88,0.63,57100,40800,0.32,60000
1986,her.27.28,pelagic,0.51,64278,F,SSB,16927,NA,NA,2019,0.88,0.63,57100,40800,0.32,60000
1987,her.27.28,pelagic,0.423,51515,F,SSB,12884,NA,NA,2019,0.88,0.63,57100,40800,0.32,60000
1988,her.27.28,pelagic,0.522,96676,F,SSB,16791,NA,NA,2019,0.88,0.63,57100,40800,0.32,60000
1989,her.27.28,pelagic,0.361,63272,F,SSB,16783,NA,NA,2019,0.88,0.63,57100,40800,0.32,60000
1990,her.27.28,pelagic,0.237,77297,F,SSB,14931,NA,NA,2019,0.88,0.63,57100,40800,0.32,60000
1991,her.27.28,pelagic,0.25,87221,F,SSB,14791,NA,NA,2019,0.88,0.63,57100,40800,0.32,60000
1992,her.27.28,pelagic,0.266,106057,F,SSB,20000,NA,NA,2019,0.88,0.63,57100,40800,0.32,60000
1993,her.27.28,pelagic,0.231,120663,F,SSB,22200,NA,NA,2019,0.88,0.63,57100,40800,0.32,60000
1994,her.27.28,pelagic,0.232,124799,F,SSB,24300,NA,NA,2019,0.88,0.63,57100,40800,0.32,60000
1995,her.27.28,pelagic,0.343,116489,F,SSB,32656,NA,NA,2019,0.88,0.63,57100,40800,0.32,60000
1996,her.27.28,pelagic,0.364,105555,F,SSB,32584,NA,NA,2019,0.88,0.63,57100,40800,0.32,60000
1997,her.27.28,pelagic,0.488,103245,F,SSB,39843,NA,NA,2019,0.88,0.63,57100,40800,0.32,60000
1998,her.27.28,pelagic,0.438,81694,F,SSB,29443,NA,NA,2019,0.88,0.63,57100,40800,0.32,60000
1999,her.27.28,pelagic,0.42,83717,F,SSB,31403,NA,NA,2019,0.88,0.63,57100,40800,0.32,60000
2000,her.27.28,pelagic,0.454,83474,F,SSB,34069,NA,NA,2019,0.88,0.63,57100,40800,0.32,60000
2001,her.27.28,pelagic,0.529,78961,F,SSB,38785,NA,NA,2019,0.88,0.63,57100,40800,0.32,60000
2002,her.27.28,pelagic,0.468,100416,F,SSB,39701,NA,NA,2019,0.88,0.63,57100,40800,0.32,60000
2003,her.27.28,pelagic,0.542,86068,F,SSB,40803,NA,NA,2019,0.88,0.63,57100,40800,0.32,60000
2004,her.27.28,pelagic,0.584,92027,F,SSB,39115,NA,NA,2019,0.88,0.63,57100,40800,0.32,60000
2005,her.27.28,pelagic,0.505,73487,F,SSB,32225,NA,NA,2019,0.88,0.63,57100,40800,0.32,60000
2006,her.27.28,pelagic,0.433,71109,F,SSB,31232,NA,NA,2019,0.88,0.63,57100,40800,0.32,60000
2007,her.27.28,pelagic,0.555,91553,F,SSB,33742,NA,NA,2019,0.88,0.63,57100,40800,0.32,60000
2008,her.27.28,pelagic,0.319,90401,F,SSB,31137,NA,NA,2019,0.88,0.63,57100,40800,0.32,60000
2009,her.27.28,pelagic,0.384,106457,F,SSB,32554,NA,NA,2019,0.88,0.63,57100,40800,0.32,60000
2010,her.27.28,pelagic,0.31,100381,F,SSB,30174,NA,NA,2019,0.88,0.63,57100,40800,0.32,60000
2011,her.27.28,pelagic,0.348,101608,F,SSB,29639,NA,NA,2019,0.88,0.63,57100,40800,0.32,60000
2012,her.27.28,pelagic,0.318,87579,F,SSB,28115,NA,NA,2019,0.88,0.63,57100,40800,0.32,60000
2013,her.27.28,pelagic,0.249,110321,F,SSB,26511,NA,NA,2019,0.88,0.63,57100,40800,0.32,60000
2014,her.27.28,pelagic,0.256,133363,F,SSB,26253,NA,NA,2019,0.88,0.63,57100,40800,0.32,60000
2015,her.27.28,pelagic,0.337,117640,F,SSB,32851,NA,NA,2019,0.88,0.63,57100,40800,0.32,60000
2016,her.27.28,pelagic,0.332,103000,F,SSB,30865,NA,NA,2019,0.88,0.63,57100,40800,0.32,60000
2017,her.27.28,pelagic,0.29,109734,F,SSB,28058,NA,NA,2019,0.88,0.63,57100,40800,0.32,60000
2018,her.27.28,pelagic,0.254,110182,F,SSB,25747,NA,NA,2019,0.88,0.63,57100,40800,0.32,60000
2019,her.27.28,pelagic,NA,109238,F,SSB,NA,NA,NA,2019,0.88,0.63,57100,40800,0.32,60000
1980,her.27.3031,pelagic,1.32,0.353,Fishing pressure: Relative,NA,29809,29809,NA,2019,NA,NA,NA,NA,NA,NA
1981,her.27.3031,pelagic,1.004,0.342,Fishing pressure: Relative,NA,21526,21526,NA,2019,NA,NA,NA,NA,NA,NA
1982,her.27.3031,pelagic,1.125,0.371,Fishing pressure: Relative,NA,26499,26499,NA,2019,NA,NA,NA,NA,NA,NA
1983,her.27.3031,pelagic,1.039,0.392,Fishing pressure: Relative,NA,26208,26208,NA,2019,NA,NA,NA,NA,NA,NA
1984,her.27.3031,pelagic,1.09,0.474,Fishing pressure: Relative,NA,34545,34545,NA,2019,NA,NA,NA,NA,NA,NA
1985,her.27.3031,pelagic,0.952,0.562,Fishing pressure: Relative,NA,35432,35432,NA,2019,NA,NA,NA,NA,NA,NA
1986,her.27.3031,pelagic,0.861,0.644,Fishing pressure: Relative,NA,35579,35579,NA,2019,NA,NA,NA,NA,NA,NA
1987,her.27.3031,pelagic,0.746,0.763,Fishing pressure: Relative,NA,32628,32628,NA,2019,NA,NA,NA,NA,NA,NA
1988,her.27.3031,pelagic,0.711,0.764,Fishing pressure: Relative,NA,36418,36418,NA,2019,NA,NA,NA,NA,NA,NA
1989,her.27.3031,pelagic,0.591,0.913,Fishing pressure: Relative,NA,33086,33086,NA,2019,NA,NA,NA,NA,NA,NA
1990,her.27.3031,pelagic,0.551,1.085,Fishing pressure: Relative,NA,39180,39180,NA,2019,NA,NA,NA,NA,NA,NA
1991,her.27.3031,pelagic,0.465,1.208,Fishing pressure: Relative,NA,33419,33419,NA,2019,NA,NA,NA,NA,NA,NA
1992,her.27.3031,pelagic,0.562,1.308,Fishing pressure: Relative,NA,46610,46610,NA,2019,NA,NA,NA,NA,NA,NA
1993,her.27.3031,pelagic,0.574,1.301,Fishing pressure: Relative,NA,49314,49314,NA,2019,NA,NA,NA,NA,NA,NA
1994,her.27.3031,pelagic,0.694,1.513,Fishing pressure: Relative,NA,61986,61986,NA,2019,NA,NA,NA,NA,NA,NA
1995,her.27.3031,pelagic,0.821,1.335,Fishing pressure: Relative,NA,65547,65547,NA,2019,NA,NA,NA,NA,NA,NA
1996,her.27.3031,pelagic,0.826,1.324,Fishing pressure: Relative,NA,61303,61303,NA,2019,NA,NA,NA,NA,NA,NA
1997,her.27.3031,pelagic,1.016,1.161,Fishing pressure: Relative,NA,69808,69808,NA,2019,NA,NA,NA,NA,NA,NA
1998,her.27.3031,pelagic,0.993,1.086,Fishing pressure: Relative,NA,62474,62474,NA,2019,NA,NA,NA,NA,NA,NA
1999,her.27.3031,pelagic,1.096,1.073,Fishing pressure: Relative,NA,66502,66502,NA,2019,NA,NA,NA,NA,NA,NA
2000,her.27.3031,pelagic,1.039,0.98,Fishing pressure: Relative,NA,58852,58852,NA,2019,NA,NA,NA,NA,NA,NA
2001,her.27.3031,pelagic,0.987,0.961,Fishing pressure: Relative,NA,57806,57806,NA,2019,NA,NA,NA,NA,NA,NA
2002,her.27.3031,pelagic,0.821,0.995,Fishing pressure: Relative,NA,53969,53969,NA,2019,NA,NA,NA,NA,NA,NA
2003,her.27.3031,pelagic,0.792,1.004,Fishing pressure: Relative,NA,53644,53644,NA,2019,NA,NA,NA,NA,NA,NA
2004,her.27.3031,pelagic,0.843,1.023,Fishing pressure: Relative,NA,61423,61423,NA,2019,NA,NA,NA,NA,NA,NA
2005,her.27.3031,pelagic,0.861,1.092,Fishing pressure: Relative,NA,62911,62911,NA,2019,NA,NA,NA,NA,NA,NA
2006,her.27.3031,pelagic,0.924,1.07,Fishing pressure: Relative,NA,71318,71318,NA,2019,NA,NA,NA,NA,NA,NA
2007,her.27.3031,pelagic,1.05,1.026,Fishing pressure: Relative,NA,78678,78678,NA,2019,NA,NA,NA,NA,NA,NA
2008,her.27.3031,pelagic,1.021,0.975,Fishing pressure: Relative,NA,67914,67914,NA,2019,NA,NA,NA,NA,NA,NA
2009,her.27.3031,pelagic,0.93,1.107,Fishing pressure: Relative,NA,71248,71248,NA,2019,NA,NA,NA,NA,NA,NA
2010,her.27.3031,pelagic,0.901,1.315,Fishing pressure: Relative,NA,72590,72590,NA,2019,NA,NA,NA,NA,NA,NA
2011,her.27.3031,pelagic,0.97,1.227,Fishing pressure: Relative,NA,81850,81850,NA,2019,NA,NA,NA,NA,NA,NA
2012,her.27.3031,pelagic,1.245,1.297,Fishing pressure: Relative,NA,106007,106007,NA,2019,NA,NA,NA,NA,NA,NA
2013,her.27.3031,pelagic,1.394,1.316,Fishing pressure: Relative,NA,114396,114396,NA,2019,NA,NA,NA,NA,NA,NA
2014,her.27.3031,pelagic,1.4,1.308,Fishing pressure: Relative,NA,115366,115366,NA,2019,NA,NA,NA,NA,NA,NA
2015,her.27.3031,pelagic,1.532,1.217,Fishing pressure: Relative,NA,114942,114942,NA,2019,NA,NA,NA,NA,NA,NA
2016,her.27.3031,pelagic,1.848,1.101,Fishing pressure: Relative,NA,130029,130029,NA,2019,NA,NA,NA,NA,NA,NA
2017,her.27.3031,pelagic,1.664,1.047,Fishing pressure: Relative,NA,104358,104358,NA,2019,NA,NA,NA,NA,NA,NA
2018,her.27.3031,pelagic,1.744,0.968,Fishing pressure: Relative,NA,97366,97366,NA,2019,NA,NA,NA,NA,NA,NA
1999,ple.27.21-23,benthic,1.024,4279,F,SSB,3406,NA,2313,2019,1.01,0.69,5550,4077,0.37,5550
2000,ple.27.21-23,benthic,1.014,4961,F,SSB,3935,NA,2313,2019,1.01,0.69,5550,4077,0.37,5550
2001,ple.27.21-23,benthic,0.947,5811,F,SSB,4054,NA,2313,2019,1.01,0.69,5550,4077,0.37,5550
2002,ple.27.21-23,benthic,0.89,5920,F,SSB,3939,NA,4357,2019,1.01,0.69,5550,4077,0.37,5550
2003,ple.27.21-23,benthic,0.802,5426,F,SSB,3618,NA,2004,2019,1.01,0.69,5550,4077,0.37,5550
2004,ple.27.21-23,benthic,0.766,4941,F,SSB,2766,NA,1369,2019,1.01,0.69,5550,4077,0.37,5550
2005,ple.27.21-23,benthic,0.775,4691,F,SSB,2354,NA,1197,2019,1.01,0.69,5550,4077,0.37,5550
2006,ple.27.21-23,benthic,0.808,4537,F,SSB,2580,NA,1770,2019,1.01,0.69,5550,4077,0.37,5550
2007,ple.27.21-23,benthic,0.808,4168,F,SSB,2691,NA,1191,2019,1.01,0.69,5550,4077,0.37,5550
2008,ple.27.21-23,benthic,0.814,3851,F,SSB,2028,NA,1902,2019,1.01,0.69,5550,4077,0.37,5550
2009,ple.27.21-23,benthic,0.763,3635,F,SSB,1635,NA,1448,2019,1.01,0.69,5550,4077,0.37,5550
2010,ple.27.21-23,benthic,0.698,3785,F,SSB,1570,NA,1489,2019,1.01,0.69,5550,4077,0.37,5550
2011,ple.27.21-23,benthic,0.674,4403,F,SSB,1584,NA,2045,2019,1.01,0.69,5550,4077,0.37,5550
2012,ple.27.21-23,benthic,0.536,5244,F,SSB,1845,NA,1351,2019,1.01,0.69,5550,4077,0.37,5550
2013,ple.27.21-23,benthic,0.474,6343,F,SSB,1956,NA,1638,2019,1.01,0.69,5550,4077,0.37,5550
2014,ple.27.21-23,benthic,0.435,7224,F,SSB,1931,NA,1946,2019,1.01,0.69,5550,4077,0.37,5550
2015,ple.27.21-23,benthic,0.423,7772,F,SSB,2687,NA,1021,2019,1.01,0.69,5550,4077,0.37,5550
2016,ple.27.21-23,benthic,0.436,8249,F,SSB,3020,NA,1501,2019,1.01,0.69,5550,4077,0.37,5550
2017,ple.27.21-23,benthic,0.418,8741,F,SSB,3257,NA,768,2019,1.01,0.69,5550,4077,0.37,5550
2018,ple.27.21-23,benthic,0.406,10004,F,SSB,3459,NA,1387,2019,1.01,0.69,5550,4077,0.37,5550
2019,ple.27.21-23,benthic,NA,11907,F,SSB,NA,NA,NA,2019,1.01,0.69,5550,4077,0.37,5550
2002,ple.27.24-32,benthic,1.566,0.215,Fishing pressure: Relative,NA,915,1269,353,2019,NA,NA,NA,NA,NA,NA
2003,ple.27.24-32,benthic,2.047,0.236,Fishing pressure: Relative,NA,1281,1552,271,2019,NA,NA,NA,NA,NA,NA
2004,ple.27.24-32,benthic,1.197,0.254,Fishing pressure: Relative,NA,1081,1295,214,2019,NA,NA,NA,NA,NA,NA
2005,ple.27.24-32,benthic,0.699,0.34,Fishing pressure: Relative,NA,1081,1247,166,2019,NA,NA,NA,NA,NA,NA
2006,ple.27.24-32,benthic,0.856,0.436,Fishing pressure: Relative,NA,1012,1830,818,2019,NA,NA,NA,NA,NA,NA
2007,ple.27.24-32,benthic,1.072,0.466,Fishing pressure: Relative,NA,1167,1658,491,2019,NA,NA,NA,NA,NA,NA
2008,ple.27.24-32,benthic,0.985,0.432,Fishing pressure: Relative,NA,1102,1397,294,2019,NA,NA,NA,NA,NA,NA
2009,ple.27.24-32,benthic,0.974,0.442,Fishing pressure: Relative,NA,1226,1644,418,2019,NA,NA,NA,NA,NA,NA
2010,ple.27.24-32,benthic,1.144,0.536,Fishing pressure: Relative,NA,903,1901,998,2019,NA,NA,NA,NA,NA,NA
2011,ple.27.24-32,benthic,1.299,0.684,Fishing pressure: Relative,NA,748,2125,1377,2019,NA,NA,NA,NA,NA,NA
2012,ple.27.24-32,benthic,1.243,0.773,Fishing pressure: Relative,NA,848,1766,917,2019,NA,NA,NA,NA,NA,NA
2013,ple.27.24-32,benthic,1.388,0.791,Fishing pressure: Relative,NA,738,1520,781,2019,NA,NA,NA,NA,NA,NA
2014,ple.27.24-32,benthic,0.678,0.811,Fishing pressure: Relative,NA,534,1015,481,2019,NA,NA,NA,NA,NA,NA
2015,ple.27.24-32,benthic,0.494,1.124,Fishing pressure: Relative,NA,427,647,220,2019,NA,NA,NA,NA,NA,NA
2016,ple.27.24-32,benthic,0.465,1.611,Fishing pressure: Relative,NA,521,1579,1058,2019,NA,NA,NA,NA,NA,NA
2017,ple.27.24-32,benthic,0.352,2.232,Fishing pressure: Relative,NA,650,1058,408,2019,NA,NA,NA,NA,NA,NA
2018,ple.27.24-32,benthic,0.541,3.038,Fishing pressure: Relative,NA,1644,2355,711,2019,NA,NA,NA,NA,NA,NA
2019,ple.27.24-32,benthic,NA,3.579,Fishing pressure: Relative,NA,NA,NA,NA,2019,NA,NA,NA,NA,NA,NA
1984,sol.27.20-24,benthic,0.404,859,F,SSB,337,NA,NA,2019,0.315,0.23,2600,1850,0.23,2600
1985,sol.27.20-24,benthic,0.312,1123,F,SSB,397,NA,NA,2019,0.315,0.23,2600,1850,0.23,2600
1986,sol.27.20-24,benthic,0.369,2018,F,SSB,643,NA,NA,2019,0.315,0.23,2600,1850,0.23,2600
1987,sol.27.20-24,benthic,0.456,2104,F,SSB,722,NA,NA,2019,0.315,0.23,2600,1850,0.23,2600
1988,sol.27.20-24,benthic,0.407,2173,F,SSB,706,NA,NA,2019,0.315,0.23,2600,1850,0.23,2600
1989,sol.27.20-24,benthic,0.419,2196,F,SSB,824,NA,NA,2019,0.315,0.23,2600,1850,0.23,2600
1990,sol.27.20-24,benthic,0.387,2712,F,SSB,1050,NA,NA,2019,0.315,0.23,2600,1850,0.23,2600
1991,sol.27.20-24,benthic,0.463,3183,F,SSB,1011,NA,NA,2019,0.315,0.23,2600,1850,0.23,2600
1992,sol.27.20-24,benthic,0.53,4175,F,SSB,1294,NA,NA,2019,0.315,0.23,2600,1850,0.23,2600
1993,sol.27.20-24,benthic,0.533,3970,F,SSB,1439,NA,NA,2019,0.315,0.23,2600,1850,0.23,2600
1994,sol.27.20-24,benthic,0.417,4155,F,SSB,1198,NA,NA,2019,0.315,0.23,2600,1850,0.23,2600
1995,sol.27.20-24,benthic,0.451,3442,F,SSB,1297,NA,NA,2019,0.315,0.23,2600,1850,0.23,2600
1996,sol.27.20-24,benthic,0.404,3254,F,SSB,1059,NA,NA,2019,0.315,0.23,2600,1850,0.23,2600
1997,sol.27.20-24,benthic,0.399,2635,F,SSB,814,NA,NA,2019,0.315,0.23,2600,1850,0.23,2600
1998,sol.27.20-24,benthic,0.378,1896,F,SSB,605,NA,NA,2019,0.315,0.23,2600,1850,0.23,2600
1999,sol.27.20-24,benthic,0.346,2236,F,SSB,637,NA,NA,2019,0.315,0.23,2600,1850,0.23,2600
2000,sol.27.20-24,benthic,0.339,2284,F,SSB,645,NA,NA,2019,0.315,0.23,2600,1850,0.23,2600
2001,sol.27.20-24,benthic,0.286,2247,F,SSB,478,NA,NA,2019,0.315,0.23,2600,1850,0.23,2600
2002,sol.27.20-24,benthic,0.375,2582,F,SSB,862,NA,NA,2019,0.315,0.23,2600,1850,0.23,2600
2003,sol.27.20-24,benthic,0.348,2938,F,SSB,618,NA,NA,2019,0.315,0.23,2600,1850,0.23,2600
2004,sol.27.20-24,benthic,0.398,3205,F,SSB,824,NA,NA,2019,0.315,0.23,2600,1850,0.23,2600
2005,sol.27.20-24,benthic,0.405,3487,F,SSB,990,NA,NA,2019,0.315,0.23,2600,1850,0.23,2600
2006,sol.27.20-24,benthic,0.365,2949,F,SSB,836,NA,NA,2019,0.315,0.23,2600,1850,0.23,2600
2007,sol.27.20-24,benthic,0.319,2499,F,SSB,633,NA,NA,2019,0.315,0.23,2600,1850,0.23,2600
2008,sol.27.20-24,benthic,0.342,2067,F,SSB,655,NA,NA,2019,0.315,0.23,2600,1850,0.23,2600
2009,sol.27.20-24,benthic,0.249,2394,F,SSB,641,NA,NA,2019,0.315,0.23,2600,1850,0.23,2600
2010,sol.27.20-24,benthic,0.235,2078,F,SSB,538,NA,NA,2019,0.315,0.23,2600,1850,0.23,2600
2011,sol.27.20-24,benthic,0.188,2082,F,SSB,552,NA,NA,2019,0.315,0.23,2600,1850,0.23,2600
2012,sol.27.20-24,benthic,0.181,2284,F,SSB,358,NA,NA,2019,0.315,0.23,2600,1850,0.23,2600
2013,sol.27.20-24,benthic,0.174,1776,F,SSB,332,NA,NA,2019,0.315,0.23,2600,1850,0.23,2600
2014,sol.27.20-24,benthic,0.163,2266,F,SSB,335,NA,NA,2019,0.315,0.23,2600,1850,0.23,2600
2015,sol.27.20-24,benthic,0.139,2037,F,SSB,224,NA,NA,2019,0.315,0.23,2600,1850,0.23,2600
2016,sol.27.20-24,benthic,0.178,2250,F,SSB,348,NA,NA,2019,0.315,0.23,2600,1850,0.23,2600
2017,sol.27.20-24,benthic,0.261,2446,F,SSB,520,NA,NA,2019,0.315,0.23,2600,1850,0.23,2600
2018,sol.27.20-24,benthic,0.232,2850,F,SSB,434,NA,NA,2019,0.315,0.23,2600,1850,0.23,2600
2019,sol.27.20-24,benthic,NA,2802,F,SSB,NA,NA,NA,2019,0.315,0.23,2600,1850,0.23,2600
1974,spr.27.22-32,pelagic,0.329,1097000,F,SSB,242000,NA,NA,2018,0.39,0.32,570000,410000,0.26,570000
1975,spr.27.22-32,pelagic,0.346,867000,F,SSB,201000,NA,NA,2018,0.39,0.32,570000,410000,0.26,570000
1976,spr.27.22-32,pelagic,0.322,738000,F,SSB,195000,NA,NA,2018,0.39,0.32,570000,410000,0.26,570000
1977,spr.27.22-32,pelagic,0.278,1257000,F,SSB,181000,NA,NA,2018,0.39,0.32,570000,410000,0.26,570000
1978,spr.27.22-32,pelagic,0.273,866000,F,SSB,132000,NA,NA,2018,0.39,0.32,570000,410000,0.26,570000
1979,spr.27.22-32,pelagic,0.196,498000,F,SSB,77000,NA,NA,2018,0.39,0.32,570000,410000,0.26,570000
1980,spr.27.22-32,pelagic,0.211,311000,F,SSB,58000,NA,NA,2018,0.39,0.32,570000,410000,0.26,570000
1981,spr.27.22-32,pelagic,0.128,268000,F,SSB,49000,NA,NA,2018,0.39,0.32,570000,410000,0.26,570000
1982,spr.27.22-32,pelagic,0.226,340000,F,SSB,49000,NA,NA,2018,0.39,0.32,570000,410000,0.26,570000
1983,spr.27.22-32,pelagic,0.109,478000,F,SSB,37000,NA,NA,2018,0.39,0.32,570000,410000,0.26,570000
1984,spr.27.22-32,pelagic,0.157,691000,F,SSB,53000,NA,NA,2018,0.39,0.32,570000,410000,0.26,570000
1985,spr.27.22-32,pelagic,0.155,639000,F,SSB,70000,NA,NA,2018,0.39,0.32,570000,410000,0.26,570000
1986,spr.27.22-32,pelagic,0.203,581000,F,SSB,76000,NA,NA,2018,0.39,0.32,570000,410000,0.26,570000
1987,spr.27.22-32,pelagic,0.261,466000,F,SSB,88000,NA,NA,2018,0.39,0.32,570000,410000,0.26,570000
1988,spr.27.22-32,pelagic,0.23,415000,F,SSB,80000,NA,NA,2018,0.39,0.32,570000,410000,0.26,570000
1989,spr.27.22-32,pelagic,0.206,438000,F,SSB,86000,NA,NA,2018,0.39,0.32,570000,410000,0.26,570000
1990,spr.27.22-32,pelagic,0.133,570000,F,SSB,86000,NA,NA,2018,0.39,0.32,570000,410000,0.26,570000
1991,spr.27.22-32,pelagic,0.171,776000,F,SSB,103000,NA,NA,2018,0.39,0.32,570000,410000,0.26,570000
1992,spr.27.22-32,pelagic,0.2,1034000,F,SSB,142000,NA,NA,2018,0.39,0.32,570000,410000,0.26,570000
1993,spr.27.22-32,pelagic,0.162,1361000,F,SSB,178000,NA,NA,2018,0.39,0.32,570000,410000,0.26,570000
1994,spr.27.22-32,pelagic,0.257,1407000,F,SSB,289000,NA,NA,2018,0.39,0.32,570000,410000,0.26,570000
1995,spr.27.22-32,pelagic,0.334,1498000,F,SSB,313000,NA,NA,2018,0.39,0.32,570000,410000,0.26,570000
1996,spr.27.22-32,pelagic,0.282,1916000,F,SSB,441000,NA,NA,2018,0.39,0.32,570000,410000,0.26,570000
1997,spr.27.22-32,pelagic,0.394,1891000,F,SSB,529000,NA,NA,2018,0.39,0.32,570000,410000,0.26,570000
1998,spr.27.22-32,pelagic,0.382,1419000,F,SSB,471000,NA,NA,2018,0.39,0.32,570000,410000,0.26,570000
1999,spr.27.22-32,pelagic,0.367,1417000,F,SSB,421000,NA,NA,2018,0.39,0.32,570000,410000,0.26,570000
2000,spr.27.22-32,pelagic,0.313,1345000,F,SSB,389000,NA,NA,2018,0.39,0.32,570000,410000,0.26,570000
2001,spr.27.22-32,pelagic,0.287,1203000,F,SSB,342000,NA,NA,2018,0.39,0.32,570000,410000,0.26,570000
2002,spr.27.22-32,pelagic,0.389,942000,F,SSB,343000,NA,NA,2018,0.39,0.32,570000,410000,0.26,570000
2003,spr.27.22-32,pelagic,0.408,806000,F,SSB,308000,NA,NA,2018,0.39,0.32,570000,410000,0.26,570000
2004,spr.27.22-32,pelagic,0.5,1029000,F,SSB,374000,NA,NA,2018,0.39,0.32,570000,410000,0.26,570000
2005,spr.27.22-32,pelagic,0.46,1294000,F,SSB,405000,NA,NA,2018,0.39,0.32,570000,410000,0.26,570000
2006,spr.27.22-32,pelagic,0.38,1070000,F,SSB,352000,NA,NA,2018,0.39,0.32,570000,410000,0.26,570000
2007,spr.27.22-32,pelagic,0.354,941000,F,SSB,388000,NA,NA,2018,0.39,0.32,570000,410000,0.26,570000
2008,spr.27.22-32,pelagic,0.376,1004000,F,SSB,381000,NA,NA,2018,0.39,0.32,570000,410000,0.26,570000
2009,spr.27.22-32,pelagic,0.457,927000,F,SSB,407000,NA,NA,2018,0.39,0.32,570000,410000,0.26,570000
2010,spr.27.22-32,pelagic,0.378,1053000,F,SSB,342000,NA,NA,2018,0.39,0.32,570000,410000,0.26,570000
2011,spr.27.22-32,pelagic,0.354,806000,F,SSB,268000,NA,NA,2018,0.39,0.32,570000,410000,0.26,570000
2012,spr.27.22-32,pelagic,0.333,712000,F,SSB,231000,NA,NA,2018,0.39,0.32,570000,410000,0.26,570000
2013,spr.27.22-32,pelagic,0.411,736000,F,SSB,272000,NA,NA,2018,0.39,0.32,570000,410000,0.26,570000
2014,spr.27.22-32,pelagic,0.403,695000,F,SSB,244000,NA,NA,2018,0.39,0.32,570000,410000,0.26,570000
2015,spr.27.22-32,pelagic,0.384,823000,F,SSB,247000,NA,NA,2018,0.39,0.32,570000,410000,0.26,570000
2016,spr.27.22-32,pelagic,0.257,1282000,F,SSB,247000,NA,NA,2018,0.39,0.32,570000,410000,0.26,570000
2017,spr.27.22-32,pelagic,0.277,1303000,F,SSB,286000,NA,NA,2018,0.39,0.32,570000,410000,0.26,570000
2018,spr.27.22-32,pelagic,NA,1366000,F,SSB,NA,NA,NA,2018,0.39,0.32,570000,410000,0.26,570000
1970,tur.27.22-32,benthic,NA,NA,NA,Abundance Index,71,NA,NA,2018,NA,NA,NA,NA,NA,NA
1971,tur.27.22-32,benthic,NA,NA,NA,Abundance Index,129,NA,NA,2018,NA,NA,NA,NA,NA,NA
1972,tur.27.22-32,benthic,NA,NA,NA,Abundance Index,142,NA,NA,2018,NA,NA,NA,NA,NA,NA
1973,tur.27.22-32,benthic,NA,NA,NA,Abundance Index,153,NA,NA,2018,NA,NA,NA,NA,NA,NA
1974,tur.27.22-32,benthic,NA,NA,NA,Abundance Index,155,NA,NA,2018,NA,NA,NA,NA,NA,NA
1975,tur.27.22-32,benthic,NA,NA,NA,Abundance Index,167,NA,NA,2018,NA,NA,NA,NA,NA,NA
1976,tur.27.22-32,benthic,NA,NA,NA,Abundance Index,149,NA,NA,2018,NA,NA,NA,NA,NA,NA
1977,tur.27.22-32,benthic,NA,NA,NA,Abundance Index,208,NA,NA,2018,NA,NA,NA,NA,NA,NA
1978,tur.27.22-32,benthic,NA,NA,NA,Abundance Index,128,NA,NA,2018,NA,NA,NA,NA,NA,NA
1979,tur.27.22-32,benthic,NA,NA,NA,Abundance Index,184,NA,NA,2018,NA,NA,NA,NA,NA,NA
1980,tur.27.22-32,benthic,NA,NA,NA,Abundance Index,152,NA,NA,2018,NA,NA,NA,NA,NA,NA
1981,tur.27.22-32,benthic,NA,NA,NA,Abundance Index,181,NA,NA,2018,NA,NA,NA,NA,NA,NA
1982,tur.27.22-32,benthic,NA,NA,NA,Abundance Index,150,NA,NA,2018,NA,NA,NA,NA,NA,NA
1983,tur.27.22-32,benthic,NA,NA,NA,Abundance Index,233,NA,NA,2018,NA,NA,NA,NA,NA,NA
1984,tur.27.22-32,benthic,NA,NA,NA,Abundance Index,137,NA,NA,2018,NA,NA,NA,NA,NA,NA
1985,tur.27.22-32,benthic,NA,NA,NA,Abundance Index,230,NA,NA,2018,NA,NA,NA,NA,NA,NA
1986,tur.27.22-32,benthic,NA,NA,NA,Abundance Index,338,NA,NA,2018,NA,NA,NA,NA,NA,NA
1987,tur.27.22-32,benthic,NA,NA,NA,Abundance Index,505,NA,NA,2018,NA,NA,NA,NA,NA,NA
1988,tur.27.22-32,benthic,NA,NA,NA,Abundance Index,367,NA,NA,2018,NA,NA,NA,NA,NA,NA
1989,tur.27.22-32,benthic,NA,NA,NA,Abundance Index,352,NA,NA,2018,NA,NA,NA,NA,NA,NA
1990,tur.27.22-32,benthic,NA,NA,NA,Abundance Index,454,NA,NA,2018,NA,NA,NA,NA,NA,NA
1991,tur.27.22-32,benthic,NA,NA,NA,Abundance Index,571,NA,NA,2018,NA,NA,NA,NA,NA,NA
1992,tur.27.22-32,benthic,NA,NA,NA,Abundance Index,763,NA,NA,2018,NA,NA,NA,NA,NA,NA
1993,tur.27.22-32,benthic,NA,NA,NA,Abundance Index,1167,NA,NA,2018,NA,NA,NA,NA,NA,NA
1994,tur.27.22-32,benthic,NA,NA,NA,Abundance Index,1024,NA,NA,2018,NA,NA,NA,NA,NA,NA
1995,tur.27.22-32,benthic,NA,NA,NA,Abundance Index,807,NA,NA,2018,NA,NA,NA,NA,NA,NA
1996,tur.27.22-32,benthic,NA,NA,NA,Abundance Index,1206,NA,NA,2018,NA,NA,NA,NA,NA,NA
1997,tur.27.22-32,benthic,NA,NA,NA,Abundance Index,1043,NA,NA,2018,NA,NA,NA,NA,NA,NA
1998,tur.27.22-32,benthic,NA,NA,NA,Abundance Index,798,NA,NA,2018,NA,NA,NA,NA,NA,NA
1999,tur.27.22-32,benthic,NA,NA,NA,Abundance Index,556,NA,NA,2018,NA,NA,NA,NA,NA,NA
2000,tur.27.22-32,benthic,NA,NA,NA,Abundance Index,525,NA,NA,2018,NA,NA,NA,NA,NA,NA
2001,tur.27.22-32,benthic,NA,2.3,NA,Abundance Index,464,NA,NA,2018,NA,NA,NA,NA,NA,NA
2002,tur.27.22-32,benthic,NA,3.42,NA,Abundance Index,591,NA,NA,2018,NA,NA,NA,NA,NA,NA
2003,tur.27.22-32,benthic,NA,1.33,NA,Abundance Index,579,NA,NA,2018,NA,NA,NA,NA,NA,NA
2004,tur.27.22-32,benthic,NA,5.915,NA,Abundance Index,516,NA,NA,2018,NA,NA,NA,NA,NA,NA
2005,tur.27.22-32,benthic,NA,1.585,NA,Abundance Index,420,NA,NA,2018,NA,NA,NA,NA,NA,NA
2006,tur.27.22-32,benthic,NA,0.665,NA,Abundance Index,305,NA,NA,2018,NA,NA,NA,NA,NA,NA
2007,tur.27.22-32,benthic,NA,3.015,NA,Abundance Index,309,NA,NA,2018,NA,NA,NA,NA,NA,NA
2008,tur.27.22-32,benthic,NA,2.35,NA,Abundance Index,356,NA,NA,2018,NA,NA,NA,NA,NA,NA
2009,tur.27.22-32,benthic,NA,2.675,NA,Abundance Index,394,NA,NA,2018,NA,NA,NA,NA,NA,NA
2010,tur.27.22-32,benthic,NA,2.75,NA,Abundance Index,295,NA,NA,2018,NA,NA,NA,NA,NA,NA
2011,tur.27.22-32,benthic,NA,3.45,NA,Abundance Index,263,282,19,2018,NA,NA,NA,NA,NA,NA
2012,tur.27.22-32,benthic,NA,2.3,NA,Abundance Index,221,360,139,2018,NA,NA,NA,NA,NA,NA
2013,tur.27.22-32,benthic,NA,2.9,NA,Abundance Index,313,338,25,2018,NA,NA,NA,NA,NA,NA
2014,tur.27.22-32,benthic,NA,2.4,NA,Abundance Index,253,337,85,2018,NA,NA,NA,NA,NA,NA
2015,tur.27.22-32,benthic,NA,3.25,NA,Abundance Index,233,267,34,2018,NA,NA,NA,NA,NA,NA
2016,tur.27.22-32,benthic,NA,3.65,NA,Abundance Index,246,346,100,2018,NA,NA,NA,NA,NA,NA
2017,tur.27.22-32,benthic,NA,3.97,NA,Abundance Index,264,322,57,2018,NA,NA,NA,NA,NA,NA
